CONFORMED-NAME	TICKER	SIC	CIK	YEAR
4NET SOFTWARE INC-16	FNSI	7370	812149	2016
Media Analytics Corp-16	FSPT	7372	1518171	2016
Ominto, Inc.-16	MEDG	7389	1097792	2016
BLUE SPHERE CORP.-16	BLSP	7370	1419582	2016
Avant Diagnostics, Inc-16	Unknown	7350	1451929	2016
LIVE VENTURES Inc-16	LIVE	7371	1045742	2016
AcroBoo, Inc.-16	ACRO	7389	1497251	2016
VOLT INFORMATION SCIENCES, INC.-16	VISI	7363	103872	2016
SharkReach, Inc.-16	Unknown	7380	1561782	2016
ADOBE SYSTEMS INC-16	ADBE	7372	796343	2016
Interups Inc-16	Unknown	7374	1554947	2016
SmooFi, Inc.-16	Unknown	7310	1592603	2016
CIPHERLOC Corp-16	NSCT	7374	1022505	2016
Facebook Inc-16	FB	7370	1326801	2016
B-Scada, Inc.-16	Unknown	7372	1341878	2016
ENDEAVOR IP, INC.-16	ENIP	7389	1511261	2016
PRIME GLOBAL CAPITAL GROUP Inc-16	PGCG	7370	1462047	2016
PROGRESS SOFTWARE CORP /MA-16	PRGS	7372	876167	2016
Medical Information Technology, Inc.-16	Unknown	7372	1011452	2016
SIGNAL BAY, INC.-16	Unknown	7600	715788	2016
OUTERWALL INC-16	OUTR	7200	941604	2016
MANHATTAN ASSOCIATES INC-16	MANH	7372	1056696	2016
OMNICOM GROUP INC.-16	OMC	7311	29989	2016
VGRAB COMMUNICATIONS INC.-16	VAZGF	7372	1551887	2016
INTERACTIVE MULTI MEDIA AUCTION Corp-16	Unknown	7389	1565430	2016
JAREX SOLUTIONS CORP.-16	Unknown	7372	1627452	2016
MONSTER WORLDWIDE, INC.-16	MWW	7363	1020416	2016
Limelight Networks, Inc.-16	LLNW	7389	1391127	2016
BSQUARE CORP /WA-16	BSQR	7389	1054721	2016
MCGRAW HILL FINANCIAL INC-16	MHP	7320	64040	2016
ZILLOW GROUP, INC.-16	Z	7389	1617640	2016
Q2 Holdings, Inc.-16	QTWO	7372	1410384	2016
Inuvo, Inc.-16	THK	7310	829323	2016
WORLD WRESTLING ENTERTAINMENTINC-16	WWE	7812	1091907	2016
LINKEDIN CORP-16	LNKD	7370	1271024	2016
MASTERCARD INC-16	MA	7389	1141391	2016
RYDER SYSTEM INC-16	R	7510	85961	2016
AWARE INC /MA/-16	AWRE	7372	1015739	2016
VARONIS SYSTEMS INC-16	VRNS	7372	1361113	2016
SHUTTERFLY INC-16	SFLY	7384	1125920	2016
Where Food Comes From, Inc.-16	Unknown	7372	1360565	2016
Skkynet Cloud Systems, Inc.-16	SKKY	7372	1546853	2016
FALCONSTOR SOFTWARE INC-16	FALC	7372	922521	2016
Priceline Group Inc.-16	PCLN	7389	1075531	2016
CERNER CORP /MO/-16	CERN	7373	804753	2016
CADENCE DESIGN SYSTEMS INC-16	CDNS	7372	813672	2016
Liberty TripAdvisor Holdings, Inc.-16	Unknown	7374	1606745	2016
MARRIOTT INTERNATIONAL INC /MD/-16	MAR	7011	1048286	2016
Internap Corp-16	INAP	7370	1056386	2016
Six Flags Entertainment Corp-16	PKS	7990	701374	2016
Hyatt Hotels Corp-16	H	7011	1468174	2016
WEST CORP-16	WSTC	7389	1024657	2016
TripAdvisor, Inc.-16	TRIP	7370	1526520	2016
XEROX CORP-16	XRX	7389	108772	2016
Nielsen Holdings plc-16	NLSN	7389	1492633	2016
NATIONAL INSTRUMENTS CORP-16	NATI	7372	935494	2016
VERISIGN INC/CA-16	VRSN	7371	1014473	2016
ZYNGA INC-16	ZNGA	7374	1439404	2016
ZYNGA INC-16	ZNGA	7374	1439404	2016
Western Union CO-16	WU	7389	1365135	2016
IMS Health Holdings, Inc.-16	IMS	7374	1595262	2016
Sabre Corp-16	SABR	7370	1597033	2016
INSTRUCTURE INC-16	INST	7372	1355754	2016
LogMeIn, Inc.-16	LOGM	7372	1420302	2016
FISERV INC-16	FISV	7374	798354	2016
PROS Holdings, Inc.-16	PRO	7371	1392972	2016
TransUnion-16	Unknown	7320	1552033	2016
alpha-En Corp-16	PIXG	7819	1023298	2016
TODEX CORP.-16	Unknown	7372	1625095	2016
HOST HOTELS & RESORTS L.P.-16	Unknown	7011	1061937	2016
CARDTRONICS INC-16	CATM	7389	1277856	2016
ManpowerGroup Inc.-16	MAN	7363	871763	2016
LendingClub Corp-16	Unknown	7389	1409970	2016
Paycom Software, Inc.-16	PAYC	7372	1590955	2016
SCIQUEST INC-16	SQI	7372	1082526	2016
CONVERGYS CORP-16	CVG	7373	1062047	2016
MARIN SOFTWARE INC-16	MRIN	7374	1389002	2016
MOBILEIRON, INC.-16	Unknown	7372	1470099	2016
NIC INC-16	EGOV	7389	1065332	2016
ESH Hospitality, Inc.-16	Unknown	7011	1507563	2016
CARRIAGE SERVICES INC-16	CSV	7200	1016281	2016
COGENT COMMUNICATIONS HOLDINGS, INC.-16	CCOI	7372	1158324	2016
COGENT COMMUNICATIONS HOLDINGS, INC.-16	CCOI	7372	1158324	2016
HUBSPOT INC-16	HUBS	7372	1404655	2016
Cinemark Holdings, Inc.-16	CNK	7830	1385280	2016
YELP INC-16	YELP	7200	1345016	2016
AMN HEALTHCARE SERVICES INC-16	AHS	7363	1142750	2016
BLUCORA, INC.-16	INSP	7374	1068875	2016
BLACKBAUD INC-16	BLKB	7372	1280058	2016
NETSUITE INC-16	N	7372	1117106	2016
ADEPTPROS INC-16	Unknown	7371	1607551	2016
AVIS BUDGET GROUP, INC.-16	CAR	7510	723612	2016
SPS COMMERCE INC-16	SPSC	7372	1092699	2016
ROLLINS INC-16	ROL	7340	84839	2016
TYLER TECHNOLOGIES INC-16	TYL	7372	860731	2016
CHURCHILL DOWNS Inc-16	CHDN	7948	20212	2016
ANSYS INC-16	ANSS	7372	1013462	2016
MOODYS CORP /DE/-16	MCO	7320	1059556	2016
MOODYS CORP /DE/-16	MCO	7320	1059556	2016
STARWOOD HOTEL & RESORTS WORLDWIDE, INC-16	HOT	7011	316206	2016
KANGE CORP-16	Unknown	7371	1593773	2016
KANGE CORP-16	Unknown	7371	1593773	2016
COGNIZANT TECHNOLOGY SOLUTIONS CORP-16	CTSH	7371	1058290	2016
COGNIZANT TECHNOLOGY SOLUTIONS CORP-16	CTSH	7371	1058290	2016
Clear Channel Outdoor Holdings, Inc.-16	CCO	7310	1334978	2016
PEGASYSTEMS INC-16	PEGA	7374	1013857	2016
CHANNELADVISOR CORP-16	ECOM	7372	1169652	2016
TOTAL SYSTEM SERVICES INC-16	TSS	7389	721683	2016
WAGEWORKS, INC.-16	WAGE	7389	1158863	2016
FIRST DATA CORP-16	FDC	7389	883980	2016
MCGRATH RENTCORP-16	MGRC	7359	752714	2016
ALLIANCE DATA SYSTEMS CORP-16	ADS	7389	1101215	2016
PROOFPOINT INC-16	PFPT	7374	1212458	2016
VMWARE, INC.-16	VMW	7372	1124610	2016
RITCHIE BROS AUCTIONEERS INC-16	RBA	7389	1046102	2016
Digimarc CORP-16	DMRC	7373	1438231	2016
Digimarc CORP-16	DMRC	7373	1438231	2016
AIR LEASE CORP-16	AL	7359	1487712	2016
ServiceNow, Inc.-16	NOW	7372	1373715	2016
ServiceNow, Inc.-16	NOW	7372	1373715	2016
Tableau Software Inc-16	DATA	7372	1303652	2016
La Quinta Holdings Inc.-16	Unknown	7011	1594617	2016
Benefitfocus,Inc.-16	BNFT	7372	1576169	2016
Data Call Technologies-16	Unknown	7389	1321828	2016
Hilton Worldwide Holdings Inc.-16	HLT	7011	1585689	2016
DUN & BRADSTREET CORP/NW-16	DNB	7320	1115222	2016
AEROHIVE NETWORKS, INC-16	HIVE	7373	1372414	2016
WEB.COM GROUP, INC.-16	WWWW	7372	1095291	2016
SOTHEBYS-16	BID	7389	823094	2016
QUALYS, INC.-16	QLYS	7372	1107843	2016
Exterran Corp-16	EXTN	7359	1635881	2016
SYNTEL INC-16	SYNT	7371	1040426	2016
Monotype Imaging Holdings Inc.-16	TYPE	7371	1385292	2016
CEDAR FAIR L P-16	FUN	7990	811532	2016
BRIGHTCOVE INC-16	BCOV	7374	1313275	2016
GrubHub Inc.-16	GRUB	7389	1594109	2016
MICROSTRATEGY INC-16	MSTR	7372	1050446	2016
MSCI Inc.-16	MSCI	7389	1408198	2016
QLIK TECHNOLOGIES INC-16	QLIK	7372	1305294	2016
MERCADOLIBRE INC-16	MELI	7389	1099590	2016
National CineMedia, Inc.-16	NCMI	7310	1377630	2016
Civeo Corp-16	Unknown	7000	1590584	2016
HEALTHSTREAM INC-16	HSTM	7370	1095565	2016
Zendesk, Inc.-16	ZEN	7374	1463172	2016
Inovalon Holdings, Inc.-16	Unknown	7374	1619954	2016
ULTIMATE SOFTWARE GROUP INC-16	ULTI	7372	1016125	2016
Black Knight Financial Services, Inc.-16	BKFS	7372	1627014	2016
SOHU COM INC-16	SOHU	7374	1104188	2016
Fleetmatics Group plc-16	FLTX	7372	1526160	2016
NCI, Inc.-16	NCIT	7373	1334478	2016
SYNCHRONOSS TECHNOLOGIES INC-16	SNCR	7371	1131554	2016
SeaWorld Entertainment, Inc.-16	SEAS	7990	1564902	2016
ACI WORLDWIDE, INC.-16	ACIW	7372	935036	2016
Demandware Inc-16	DWRE	7371	1301031	2016
EBIX INC-16	EBIX	7373	814549	2016
China Elite Information Co., Ltd.-16	PFOO	7389	1077561	2016
CSG SYSTEMS INTERNATIONAL INC-16	CSGS	7374	1005757	2016
ON ASSIGNMENT INC-16	ASGN	7363	890564	2016
STAMPS.COM INC-16	STMP	7389	1082923	2016
VASCO DATA SECURITY INTERNATIONAL INC-16	VDSI	7373	1044777	2016
HMS HOLDINGS CORP-16	HMSY	7389	1196501	2016
STONEMOR PARTNERS LP-16	STON	7200	1286131	2016
RingCentral Inc-16	RNG	7374	1384905	2016
WYNN LAS VEGAS LLC-16	Unknown	7011	1180638	2016
FLEETCOR TECHNOLOGIES INC-16	FLT	7389	1175454	2016
TWITTER, INC.-16	TWTR	7370	1418091	2016
Jive Software, Inc.-16	JIVE	7374	1462633	2016
APPFOLIO INC-16	APPF	7372	1433195	2016
BROADSOFT, INC.-16	BSFT	7372	1086909	2016
UNISYS CORP-16	UIS	7373	746838	2016
ALLSCRIPTS HEALTHCARE SOLUTIONS, INC.-16	MDRX	7373	1124804	2016
Endurance International Group Holdings, Inc.-16	EIGI	7372	1237746	2016
Caesars Growth Properties Holdings, LLC-16	Unknown	7011	1635863	2016
ENVESTNET, INC.-16	ENV	7389	1337619	2016
MGM Resorts International-16	MGM	7011	789570	2016
HEARTLAND PAYMENT SYSTEMS INC-16	HPY	7389	1144354	2016
Station Casinos LLC-16	Unknown	7011	1503579	2016
SYKES ENTERPRISES INC-16	SYKE	7373	1010612	2016
Diamond Resorts International, Inc.-16	DRII	7011	1566897	2016
REALPAGE INC-16	RP	7372	1286225	2016
WebMD Health Corp.-16	WBMD	7389	1326583	2016
Caesars Acquisition Co-16	CACQ	7011	1575879	2016
Criteo S.A.-16	Unknown	7311	1576427	2016
Activision Blizzard, Inc.-16	ATVI	7372	718877	2016
YAHOO INC-16	YHOO	7373	1011006	2016
CVENT INC-16	CVT	7372	1122897	2016
SP Plus Corp-16	STAN	7510	1059262	2016
EPIQ SYSTEMS INC-16	EPIQ	7371	1027207	2016
Broke Out Inc.-16	Unknown	7372	1634942	2016
PDF SOLUTIONS INC-16	PDFS	7371	1120914	2016
Red Lion Hotels CORP-16	RLH	7011	1052595	2016
DEMAND MEDIA INC.-16	DMD	7374	1365038	2016
Crexendo, Inc.-16	EXE	7373	1075736	2016
Macquarie Equipment Leasing Fund, LLC-16	Unknown	7359	1446714	2016
RCM TECHNOLOGIES INC-16	RCMT	7363	700841	2016
WEIGHT WATCHERS INTERNATIONAL INC-16	WTW	7200	105319	2016
OnePower Systems Ltd.-16	Unknown	7389	1561206	2016
National CineMedia, LLC-16	Unknown	7310	1527190	2016
Imprivata Inc-16	IMPR	7372	1328015	2016
UNITED ONLINE INC-16	UNTD	7370	1142701	2016
UNITED ONLINE INC-16	UNTD	7370	1142701	2016
Planet Payment Inc-16	PLPM	7389	1362925	2016
CAI International, Inc.-16	CAP	7359	1388430	2016
CAI International, Inc.-16	CAP	7359	1388430	2016
CDI CORP-16	CDI	7363	18396	2016
CDI CORP-16	CDI	7363	18396	2016
GoDaddy Inc.-16	Unknown	7373	1609711	2016
Five9, Inc.-16	FIVN	7374	1288847	2016
PERFICIENT INC-16	PRFT	7371	1085869	2016
PERFICIENT INC-16	PRFT	7371	1085869	2016
Reis, Inc.-16	WRP	7389	1038222	2016
RVUE HOLDINGS, INC.-16	RVUE	7310	1455206	2016
Marketo, Inc.-16	MKTO	7372	1490660	2016
Planet Fitness, Inc.-16	PLNT	7997	1637207	2016
RUBICON PROJECT, INC.-16	RUBI	7370	1595974	2016
CINEMARK USA INC /TX-16	Unknown	7830	885975	2016
inContact, Inc.-16	SAAS	7372	1087934	2016
MINDBODY, Inc.-16	MB	7374	1458962	2016
IntraLinks Holdings, Inc.-16	IL	7372	1488075	2016
CASS INFORMATION SYSTEMS INC-16	CASS	7389	708781	2016
OPOWER, INC.-16	OPWR	7372	1412043	2016
Blue Water Bar & Grill, Inc.-16	Unknown	7372	1593470	2016
Support.com, Inc.-16	SPRT	7374	1104855	2016
MeetMe, Inc.-16	MEET	7310	1078099	2016
Allied Ventures Holdings Corp.-16	EXGP	7372	723533	2016
Neff Corp-16	NEFF	7359	1617667	2016
ONVIA INC-16	ONVI	7389	1100917	2016
CBIZ, Inc.-16	CBZ	7389	944148	2016
CBIZ, Inc.-16	CBZ	7389	944148	2016
AMC ENTERTAINMENT HOLDINGS, INC.-16	AMC	7830	1411579	2016
SERVICESOURCE INTERNATIONAL, INC.-16	SREV	7389	1310114	2016
TUCOWS INC /PA/-16	TCX	7374	909494	2016
Bankrate, Inc.-16	RATE	7374	1518222	2016
BAHAMAS CONCIERGE, INC.-16	Unknown	7200	1526759	2016
BAHAMAS CONCIERGE, INC.-16	Unknown	7200	1526759	2016
SMITH MICRO SOFTWARE INC-16	SMSI	7372	948708	2016
ZAP COM CORP-16	ZPCM	7310	1083243	2016
HEIDRICK & STRUGGLES INTERNATIONAL INC-16	HSII	7361	1066605	2016
Xenia Hotels & Resorts, Inc.-16	XHR	7011	1616000	2016
TrueCar, Inc.-16	TRUE	7370	1327318	2016
AMC ENTERTAINMENT INC-16	AEN	7830	722077	2016
Rapid7, Inc.-16	Unknown	7372	1560327	2016
ZIX CORP-16	ZIXI	7374	855612	2016
ZIX CORP-16	ZIXI	7374	855612	2016
TUBEMOGUL INC-16	TUBE	7372	1449278	2016
Affinion Group Holdings, Inc.-16	Unknown	7389	1404624	2016
Fortress Transportation & Infrastructure Investors LLC-16	Unknown	7350	1590364	2016
Square, Inc.-16	SQ	7372	1512673	2016
YuMe Inc-16	YUME	7311	1415624	2016
AUTOBYTEL INC-16	ABTL	7370	1023364	2016
2U, Inc.-16	TWOU	7372	1459417	2016
Affinion Group, Inc.-16	Unknown	7389	1361394	2016
RMG Networks Holding Corp-16	SCGQ	7389	1512074	2016
CENTURY CASINOS INC /CO/-16	CNTY	7011	911147	2016
IPASS INC-16	IPAS	7374	1053374	2016
SPARK NETWORKS INC-16	LOV	7389	1314475	2016
Q BioMed Inc.-16	Unknown	7371	1596062	2016
Mattersight Corp-16	MATR	7373	1094348	2016
VIAD CORP-16	VVI	7389	884219	2016
EDGEWATER TECHNOLOGY INC/DE/-16	EDGW	7370	1017968	2016
APX Group Holdings, Inc.-16	Unknown	7380	1584423	2016
SYDYS CORP-16	SYYC	7310	1309141	2016
INTERNATIONAL AUTOMATED SYSTEMS INC-16	IAUS	7372	820380	2016
AEROCENTURY CORP-16	ACY	7359	1036848	2016
Quotient Technology Inc.-16	COUP	7310	1115128	2016
TechTarget Inc-16	TTGT	7389	1293282	2016
RIGHTSIDE GROUP, LTD.-16	NAME	7389	1589094	2016
Everyday Health, Inc.-16	EVDY	7374	1358483	2016
CROSS COUNTRY HEALTHCARE INC-16	CCRN	7363	1141103	2016
CROSS COUNTRY HEALTHCARE INC-16	CCRN	7363	1141103	2016
NV5 Global, Inc.-16	NVEE	7380	1532961	2016
PureBase Corp-16	Unknown	7380	1575858	2016
Rocket Fuel Inc.-16	FUEL	7370	1477200	2016
3D SYSTEMS CORP-16	DDD	7372	910638	2016
Diligent Corp-16	DIL	7372	1433269	2016
GOLDEN ENTERTAINMENT, INC.-16	LACO	7990	1071255	2016
Snap Interactive, Inc-16	STVI	7389	1355839	2016
DATALINK CORP-16	DTLK	7373	1056923	2016
INNODATA INC-16	INOD	7374	903651	2016
POWERSECURE INTERNATIONAL, INC.-16	POWR	7389	882154	2016
Smart Server, Inc-16	Unknown	7371	1596961	2016
Morgans Hotel Group Co.-16	MHGC	7011	1342126	2016
Morgans Hotel Group Co.-16	MHGC	7011	1342126	2016
ROSETTA STONE INC-16	RST	7372	1351285	2016
COMPUTER PROGRAMS & SYSTEMS INC-16	CPSI	7371	1169445	2016
StarTek, Inc.-16	SRT	7363	1031029	2016
Higher One Holdings, Inc.-16	ONE	7389	1486800	2016
Qumu Corp-16	QUMU	7372	892482	2016
PENN NATIONAL GAMING INC-16	PENN	7011	921738	2016
OptimizeRx Corp-16	OPRX	7389	1448431	2016
PFSWEB INC-16	PFSW	7389	1095315	2016
IMAGEWARE SYSTEMS INC-16	IW	7372	941685	2016
EXP Realty International Corp-16	DSETD	7389	1495932	2016
Hortonworks, Inc.-16	HDP	7372	1610532	2016
LIVEPERSON INC-16	LPSN	7372	1102993	2016
Altisource Portfolio Solutions S.A.-16	ASPS	7380	1462418	2016
WIDEPOINT CORP-16	WDPT	7373	1034760	2016
Quest Resource Holding Corp-16	IRHC	7359	1442236	2016
Voltari Corp-16	VLTC	7389	1568319	2016
SAJAN INC-16	SAJA	7389	1118037	2016
SOCIAL REALITY, Inc.-16	SCRI	7311	1538217	2016
INTERNATIONAL MONETARY SYSTEMS LTD /WI/-16	ITNM	7389	1097430	2016
MobileSmith, Inc.-16	SOLN	7372	1113513	2016
Accelerize Inc.-16	Unknown	7389	1352952	2016
Green Endeavors, Inc.-16	GRNE	7200	1487997	2016
SPEEDWAY MOTORSPORTS INC-16	TRK	7948	934648	2016
IDI, Inc.-16	IDI	7310	1460329	2016
MENTOR GRAPHICS CORP-16	MENT	7373	701811	2016
EXA CORP-16	EXA	7372	890264	2016
Global Medical REIT Inc.-16	SOOP	7200	1533615	2016
DIRECT INSITE CORP-16	DIRI	7373	879703	2016
INTELLIGENT CLOUD RESOURCES INC.-16	Unknown	7374	1634912	2016
Synacor, Inc.-16	SYNC	7370	1408278	2016
Workday, Inc.-16	WDAY	7374	1327811	2016
American Casino & Entertainment Properties LLC-16	Unknown	7011	1297735	2016
ICON ECI Fund Sixteen-16	Unknown	7359	1561679	2016
AUTODESK INC-16	ADSK	7372	769397	2016
PetVivo Holdings, Inc.-16	Unknown	7372	1512922	2016
China Media Group CORP-16	Unknown	7310	1211211	2016
Bright Mountain Media, Inc.-16	BMAQ	7371	1568385	2016
Command Center, Inc.-16	CCNI	7363	1140102	2016
STRATEGIC INTERNET INVESTMENTS INC-16	SIII	7372	53320	2016
INTERFACE SECURITY SYSTEMS HOLDINGS INC-16	Unknown	7380	1164255	2016
MEDICAL TRANSCRIPTION BILLING, CORP-16	MTBC	7372	1582982	2016
ICON ECI FUND FIFTEEN, L.P.-16	Unknown	7359	1502519	2016
SYMBID CORP.-16	Unknown	7389	1532595	2016
SYMBID CORP.-16	Unknown	7389	1532595	2016
Lightning Gaming, Inc.-16	Unknown	7372	1392545	2016
Lightning Gaming, Inc.-16	Unknown	7372	1392545	2016
BAKKEN ENERGY CORP.-16	ORFG	7500	1438672	2016
BAKKEN ENERGY CORP.-16	ORFG	7500	1438672	2016
THEGLOBE COM INC-16	TGLO	7310	1066684	2016
THEGLOBE COM INC-16	TGLO	7310	1066684	2016
GSE SYSTEMS INC-16	GVP	7372	944480	2016
GSE SYSTEMS INC-16	GVP	7372	944480	2016
InnoVision Labs, Inc-16	GLSO	7372	1487522	2016
InnoVision Labs, Inc-16	GLSO	7372	1487522	2016
BAKKEN ENERGY CORP.-16	ORFG	7500	1438672	2016
BAKKEN ENERGY CORP.-16	ORFG	7500	1438672	2016
SOTHERLY HOTELS LP-16	Unknown	7011	1313536	2016
SOTHERLY HOTELS LP-16	Unknown	7011	1313536	2016
KLEVER MARKETING INC-16	KLMK	7372	866439	2016
KLEVER MARKETING INC-16	KLMK	7372	866439	2016
BAKKEN ENERGY CORP.-16	ORFG	7500	1438672	2016
BAKKEN ENERGY CORP.-16	ORFG	7500	1438672	2016
BAKKEN ENERGY CORP.-16	ORFG	7500	1438672	2016
BAKKEN ENERGY CORP.-16	ORFG	7500	1438672	2016
ICON LEASING FUND ELEVEN, LLC-16	Unknown	7359	1312910	2016
ACQUIRED SALES CORP-16	AQSP	7372	1391135	2016
BAKKEN ENERGY CORP.-16	ORFG	7500	1438672	2016
Helios & Matheson Analytics Inc.-16	HMNA	7380	1040792	2016
chatAND, Inc.-16	Unknown	7372	1529133	2016
Lockbox Link, Inc.-16	Unknown	7372	1613489	2016
FUSION TELECOMMUNICATIONS INTERNATIONAL INC-16	FSN	7372	1071411	2016
INTELLINETICS, INC.-16	GWIV	7372	1081745	2016
B. Riley Financial, Inc.-16	GAMR	7389	1464790	2016
GRANDPARENTS.COM, INC.-16	PBME	7374	1020475	2016
Innovative Product Opportunities Inc.-16	Unknown	7389	1494413	2016
CHINA RECYCLING ENERGY CORP-16	CREG	7389	721693	2016
Litera Group Inc-16	Unknown	7812	1648903	2016
KINGOLD JEWELRY, INC.-16	AWLD	7389	1089531	2016
INFORMATION ANALYSIS INC-16	IAIC	7372	803578	2016
Computron, Inc.-16	Unknown	7389	1622867	2016
CREDITRISKMONITOR COM INC-16	CRMZ	7320	315958	2016
SPECTRAL CAPITAL Corp-16	FSAC	7374	1131903	2016
Science Applications International Corp-16	SAIC	7373	1571123	2016
Galaxy Gaming, Inc.-16	GLXZ	7900	13156	2016
OMNICOMM SYSTEMS INC-16	OMCM	7389	1034592	2016
ROKWADER, INC.-16	Unknown	7900	1322952	2016
ELEPHANT TALK COMMUNICATIONS CORP-16	ETAK	7373	1084384	2016
CASTLE GROUP INC-16	Unknown	7011	918543	2016
ATEL CAPITAL EQUIPMENT FUND VIII LLC-16	Unknown	7359	1069152	2016
ATEL 12, LLC-16	Unknown	7359	1394922	2016
SharpSpring, Inc.-16	SMTP	7331	1506439	2016
FIRST RATE STAFFING Corp-16	Unknown	7363	1522215	2016
CANTERBURY PARK HOLDING CORP-16	ECP	7948	926761	2016
Net Element, Inc.-16	NETE	7374	1499961	2016
MassRoots, Inc.-16	Unknown	7370	1589149	2016
NETWORK 1 TECHNOLOGIES INC-16	NTIP	7372	1065078	2016
ATEL 16, LLC-16	Unknown	7359	1575048	2016
QUOTEMEDIA INC-16	QMCI	7389	1101433	2016
SilverSun Technologies, Inc.-16	TYRIA	7389	1236275	2016
SPAR GROUP INC-16	SGRP	7389	1004989	2016
ASTEA INTERNATIONAL INC-16	ATEA	7372	945989	2016
China Network Media, Inc.-16	Unknown	7374	1440760	2016
Freeze Tag, Inc.-16	Unknown	7372	1485074	2016
MJ Holdings, Inc.-16	Unknown	7389	1456857	2016
ATEL Growth Capital Fund 8, LLC-16	Unknown	7359	1537069	2016
ATEL 15, LLC-16	Unknown	7359	1519117	2016
Nexus Enterprise Solutions, Inc.-16	NXES	7389	1561781	2016
ATEL CAPITAL EQUIPMENT FUND X LLC-16	Unknown	7359	1186258	2016
Max Sound Corp-16	MAXD	7374	1353499	2016
Sysorex Global-16	SYRX	7371	1529113	2016
3PEA INTERNATIONAL, INC.-16	TPNL	7389	1496443	2016
Net Medical Xpress Solutions, Inc.-16	NMXS	7372	1101865	2016
SPLUNK INC-16	SPLK	7372	1353283	2016
ChinAmerica Andy Movie Entertainment Media Co.-16	CAME	7380	1543605	2016
ELRAY RESOURCES, INC.-16	Unknown	7372	1402371	2016
COMMONWEALTH INCOME & GROWTH FUND IV-16	Unknown	7350	1141615	2016
MULTIMEDIA PLATFORMS INC.-16	PFVR	7372	1424328	2016
TABLE TRAC INC-16	TBTC	7990	1090396	2016
RedStone Literary Agents, Inc.-16	Unknown	7389	1515139	2016
Propel Media, Inc.-16	Unknown	7374	1622822	2016
Modsys International Ltd-16	BPHX	7371	1029581	2016
Halo Companies, Inc.-16	HALN	7320	814286	2016
Domain Extremes Inc.-16	Unknown	7374	1469038	2016
Upland Software, Inc.-16	UPLD	7372	1505155	2016
BOX INC-16	BOX	7372	1372612	2016
ASURE SOFTWARE INC-16	ASUR	7373	884144	2016
SPINDLE, INC.-16	CYHF	7389	1403802	2016
CREDIT ONE FINANCIAL INC-16	COFI	7310	1201135	2016
Interpace Diagnostics Group, Inc.-16	PDII	7389	1054102	2016
ATEL Capital Equipment Fund XI, LLC-16	Unknown	7359	1297667	2016
Logicquest Technology, Inc.-16	BGAT	7389	768216	2016
AUXILIO INC-16	AUXO	7389	1011432	2016
Professional Diversity Network, Inc.-16	IPDN	7370	1546296	2016
PAID INC-16	PAYD	7389	1017655	2016
TETRIDYN SOLUTIONS INC-16	Unknown	7372	827099	2016
Commonwealth Income & Growth Fund VI-16	Unknown	7350	1351901	2016
ReachLocal Inc-16	RLOC	7311	1297336	2016
Genius Brands International, Inc.-16	GNUS	7812	1355848	2016
McorpCX, Inc.-16	TPOI	7372	1535079	2016
POW! ENTERTAINMENT, INC.-16	POWN	7812	1505892	2016
SPEEDEMISSIONS INC-16	SPEM	7500	1158419	2016
ATEL CAPITAL EQUIPMENT FUND IX LLC-16	Unknown	7359	1125264	2016
Commonwealth Income & Growth Fund VII, LP-16	Unknown	7350	1450335	2016
COMMONWEALTH INCOME & GROWTH FUND V-16	Unknown	7350	1253347	2016
Home Treasure Finders, Inc.-16	Unknown	7389	1527102	2016
Moms Online, Inc.-16	Unknown	7374	1619174	2016
International Metals Streaming Corp.-16	Unknown	7500	1553734	2016
TELOS CORP-16	TLSRP	7373	320121	2016
CICERO INC-16	CICN	7371	945384	2016
Data Storage Corp-16	DTST	7374	1419951	2016
Data Storage Corp-16	DTST	7374	1419951	2016
ATEL 14, LLC-16	Unknown	7359	1463389	2016
LEAF Equipment Finance Fund 4, L.P.-16	Unknown	7350	1426850	2016
RERAISE GAMING CORP-16	Unknown	7990	1592411	2016
ALTERNET SYSTEMS INC-16	ALYI	7372	1126003	2016
Boston Carriers, Inc.-16	Unknown	7389	1174672	2016
ICON LEASING FUND TWELVE, LLC-16	Unknown	7359	1377848	2016
ICON Equipment & Corporate Infrastructure Fund Fourteen, L.P.-16	Unknown	7359	1446806	2016
Ticket Corp.-16	Unknown	7990	1570279	2016
MOBIVITY HOLDINGS CORP.-16	MFON	7372	1447380	2016
MEDRESPONSE CORP.-16	Unknown	7373	1600750	2016
InsPro Technologies Corp-16	HBDT	7372	1309442	2016
VEEVA SYSTEMS INC-16	VEEV	7372	1393052	2016
OPTILEAF, INC.-16	Unknown	7372	1628228	2016
NowNews Digital Media Technology Co. Ltd.-16	Unknown	7310	1509477	2016
DOLPHIN DIGITAL MEDIA INC-16	DPDM	7200	1282224	2016
usell.com, Inc.-16	UPST	7200	1271075	2016
usell.com, Inc.-16	UPST	7200	1271075	2016
OCULUS VISIONTECH INC.-16	USVO	7389	1107280	2016
HEALTHEQUITY INC-16	HQY	7389	1428336	2016
SCORES HOLDING CO INC-16	SCRH	7900	831489	2016
SCORES HOLDING CO INC-16	SCRH	7900	831489	2016
Cornerworld Corp-16	CWRL	7385	1338242	2016
Soul & Vibe Interactive Inc.-16	SOUL	7372	1515115	2016
TRINET GROUP INC-16	TNET	7389	937098	2016
TRINET GROUP INC-16	TNET	7389	937098	2016
OLB GROUP, INC.-16	OLBG	7200	1314196	2016
Pollex, Inc.-16	NPKG	7389	1178377	2016
DUOS TECHNOLOGIES GROUP, INC.-16	IOSA	7372	1396536	2016
CREATIVE REALITIES, INC.-16	RNIN	7373	1356093	2016
BREEDIT CORP.-16	BRDT	7372	1498067	2016
Solis Tek, Inc./NV-16	CINJ	7380	1398137	2016
Illumitry Corp.-16	Unknown	7389	1636760	2016
iSign Solutions Inc.-16	CICI	7372	727634	2016
iSign Solutions Inc.-16	CICI	7372	727634	2016
MITCHAM INDUSTRIES INC-16	MIND	7359	926423	2016
DIAMONDHEAD CASINO CORP-16	DHCC	7011	844887	2016
DIAMONDHEAD CASINO CORP-16	DHCC	7011	844887	2016
NEW ASIA ENERGY INC.-16	Unknown	7389	1454510	2016
MOMENTOUS ENTERTAINMENT GROUP INC-16	Unknown	7819	1602381	2016
Teardroppers, Inc.-16	Unknown	7310	1615780	2016
NightCulture, Inc.-16	Unknown	7900	1114208	2016
OncBioMune Pharmaceuticals, Inc-16	SKRY	7310	1362703	2016
OOMA INC-16	OOMA	7374	1327688	2016
WORLDS INC-16	WDDD	7372	1961	2016
BMP Holdings Inc.-16	Unknown	7997	1623077	2016
BMP Holdings Inc.-16	Unknown	7997	1623077	2016
SEAFARER EXPLORATION CORP-16	SFRX	7900	1106213	2016
INDIA ECOMMERCE CORP-16	IEEC	7371	1510891	2016
INDIA ECOMMERCE CORP-16	IEEC	7371	1510891	2016
Staffing Group, Ltd.-16	Unknown	7200	1561622	2016
House of BODS Fitness, Inc.-16	Unknown	7997	1584489	2016
Geospatial Corp-16	GSPH	7389	1011395	2016
VIKING INVESTMENTS GROUP, INC.-16	SBAT	7900	1102432	2016
ChinaNet Online Holdings, Inc.-16	CNET	7311	1376321	2016
IGEN NETWORKS CORP-16	IGEN	7363	1393540	2016
BullsNBears.com, Inc.-16	BNBI	7370	1543272	2016
Nxt-ID, Inc.-16	Unknown	7381	1566826	2016
Umatrin Holding Ltd-16	GOOO	7389	1317839	2016
WORLDS MALL INC-16	Unknown	7374	1592592	2016
Woodland Holdings Corp-16	Unknown	7374	1635965	2016
Friendable, Inc.-16	TFER	7372	1414043	2016
Code Rebel Corp-16	Unknown	7372	1613011	2016
EZJR, Inc.-16	Unknown	7374	1402453	2016
Frontier Digital Media Group, Inc.-16	Unknown	7374	1643542	2016
AlphaPoint Technology, Inc.-16	Unknown	7372	1473654	2016
Adaptive Medias, Inc.-16	ADTM	7310	1428397	2016
VIRTUAL PIGGY, INC.-16	VPIG	7372	1437283	2016
KSIX Media Holdings, Inc.-16	MKED	7310	1392694	2016
IDdriven, Inc.-16	Unknown	7990	1605024	2016
LONGBAU GROUP INC-16	Unknown	7200	1602706	2016
Epoxy, Inc.-16	NHYT	7200	1428816	2016
IMC Holdings, Inc.-16	Unknown	7372	1587063	2016
MMRGlobal, Inc.-16	MMRF	7389	1285701	2016
DEBT RESOLVE INC-16	DRSV	7372	1106645	2016
EXCELSIS INVESTMENTS INC.-16	PBCW	7389	1496818	2016
CANNASYS INC-16	Unknown	7389	1417028	2016
LookSmart Group, Inc.-16	Unknown	7374	1641129	2016
BROADVISION INC-16	BVSN	7372	920448	2016
FULLCIRCLE REGISTRY INC-16	FLCR	7830	1127993	2016
WEYLAND TECH, INC.-16	CDCX	7389	1335112	2016
RAADR, INC.-16	PTOO	7371	1384365	2016
VALIDIAN CORP-16	VLDI	7372	1100644	2016
Luxurious Travel Corp.-16	Unknown	7372	1536394	2016
Golden Edge Entertainment, Inc.-16	Unknown	7200	1575913	2016
Salamander Innisbrook, LLC-16	Unknown	7900	1418372	2016
SINO PAYMENTS, INC.-16	SNPY	7380	1417664	2016
MJ Pharmaceuticals Inc.-16	Unknown	7389	1502629	2016
Insynergy Products, Inc-16	Unknown	7311	1539850	2016
Kiwibox.Com, Inc.-16	MAGY	7372	838796	2016
StrikeForce Technologies Inc.-16	SKFT	7372	1285543	2016
Image Chain Group Limited, Inc.-16	Unknown	7812	1598924	2016
iGambit, Inc.-16	Unknown	7389	1479681	2016
RemSleep Holdings Inc.-16	BVIG	7200	1412126	2016
INFINITE GROUP INC-16	IMCI	7370	884650	2016
ADVANCED CREDIT TECHNOLOGIES INC-16	ACTC	7372	1437517	2016
WORDLOGIC CORP-16	WLGC	7389	1139614	2016
VIASPACE Inc.-16	VSPC	7330	1270200	2016
CHINA LONGYI GROUP INTERNATIONAL HOLDINGS LTD-16	MGHA	7389	1010566	2016
Wowio, Inc.-16	Unknown	7310	1559754	2016
VERTICAL COMPUTER SYSTEMS INC-16	VCSY	7372	1099509	2016
Pazoo, Inc.-16	Unknown	7389	1533427	2016
QAD INC-16	QADI	7372	1036188	2016
International Endeavors Corp-16	Unknown	7000	1611046	2016
PayMeOn, Inc.-16	MMAX	7310	1448705	2016
RLJ ENTERTAINMENT, INC.-16	RLJE	7822	1546381	2016
MMEX Resources Corp-16	QTUM	7819	1440799	2016
Aly Energy Services, Inc.-16	Unknown	7359	946822	2016
LIFEAPPS BRANDS INC.-16	LFAP	7374	1510247	2016
American Business Services, Inc.-16	Unknown	7389	1532882	2016
EARTH LIFE SCIENCES INC-16	CTTG	7381	1165639	2016
TOUCAN INTERACTIVE CORP-16	Unknown	7320	1602143	2016
TOUCAN INTERACTIVE CORP-16	Unknown	7320	1602143	2016
MOTIVATING THE MASSES INC-16	Unknown	7200	1107796	2016
MOTIVATING THE MASSES INC-16	Unknown	7200	1107796	2016
Petrogress, Inc.-16	Unknown	7370	1558465	2016
Petrogress, Inc.-16	Unknown	7370	1558465	2016
Rennova Health, Inc.-16	CLRX	7374	931059	2016
XcelMobility Inc.-16	XCLL	7372	1465509	2016
Xactly Corp-16	XTLY	7372	1322554	2016
STREAMLINE HEALTH SOLUTIONS INC.-16	STRM	7373	1008586	2016
STREAMLINE HEALTH SOLUTIONS INC.-16	STRM	7373	1008586	2016
China Media Group CORP-16	Unknown	7310	1211211	2016
RED HAT INC-16	RHT	7370	1087423	2016
RED HAT INC-16	RHT	7370	1087423	2016
READING INTERNATIONAL INC-16	RDI	7830	716634	2016
READING INTERNATIONAL INC-16	RDI	7830	716634	2016
DSG Global Inc.-16	Unknown	7373	1413909	2016
EF Hutton America, Inc.-16	Unknown	7374	1565700	2016
EF Hutton America, Inc.-16	Unknown	7374	1565700	2016
Cannabis Sativa, Inc.-16	USUN	7200	1360442	2016
Franchise Holdings International, Inc.-16	FNHI	7389	1096275	2016
eMedia Group Inc.-16	Unknown	7372	1658433	2016
Resort Savers, Inc.-16	Unknown	7990	1572384	2016
VIBE WIRELESS CORP.-16	Unknown	7380	1571804	2016
VIBE WIRELESS CORP.-16	Unknown	7380	1571804	2016
Artec Global Media, Inc.-16	Unknown	7389	1561865	2016
Artec Global Media, Inc.-16	Unknown	7389	1561865	2016
TAKE TWO INTERACTIVE SOFTWARE INC-16	TTWO	7372	946581	2016
TAKE TWO INTERACTIVE SOFTWARE INC-16	TTWO	7372	946581	2016
Hemcare Health Services Inc.-16	Unknown	7200	1420368	2016
Majesco-16	MJCO	7372	1626853	2016
XURA, INC.-16	CNSI	7389	1549872	2016
Gawk Inc.-16	Unknown	7370	1546392	2016
CoroWare, Inc,-16	COWI	7372	1156784	2016
MONRO MUFFLER BRAKE INC-16	MNRO	7500	876427	2016
AMERCO /NV/-16	UHAL	7510	4457	2016
AMERCO /NV/-16	UHAL	7510	4457	2016
EVERTEC, Inc.-16	EVTC	7374	1559865	2016
BARRETT BUSINESS SERVICES INC-16	BBSI	7363	902791	2016
NEW RELIC, INC.-16	NEWR	7372	1448056	2016
Ezy Cloud Holding Inc.-16	ACRO	7389	1497251	2016
HDS INTERNATIONAL CORP.-16	HDSI	7374	1454742	2016
ACXIOM CORP-16	ACXM	7374	733269	2016
ACXIOM CORP-16	ACXM	7374	733269	2016
VIRTUSA CORP-16	VRTU	7371	1207074	2016
CSRA Inc.-16	Unknown	7373	1646383	2016
ELECTRONIC ARTS INC.-16	EA	7372	712515	2016
ELECTRONIC ARTS INC.-16	EA	7372	712515	2016
Textmunication Holdings, Inc.-16	FSTWC	7372	897078	2016
NETSCOUT SYSTEMS INC-16	NTCT	7373	1078075	2016
Baixo Relocation Services, Inc.-16	Unknown	7389	1609988	2016
Gen Serv, INC.-16	Unknown	7200	1608429	2016
ADDENTAX GROUP CORP.-16	Unknown	7330	1650101	2016
MYECHECK, INC.-16	Unknown	7389	1619558	2016
PEARTRACK SECURITY SYSTEMS, INC.-16	EGCT	7510	1379245	2016
InCapta, Inc.-16	GZFX	7841	1099234	2016
CLOUD SECURITY CORP.-16	Unknown	7311	1516079	2016
CLOUD SECURITY CORP.-16	Unknown	7311	1516079	2016
COMPUTER SCIENCES CORP-16	CSC	7373	23082	2016
H&R BLOCK INC-16	HRB	7200	12659	2016
Bazaarvoice Inc-16	BV	7372	1330421	2016
ISLE OF CAPRI CASINOS INC-16	ISLE	7011	863015	2016
ORACLE CORP-16	ORCL	7372	1341439	2016
Monaker Group, Inc.-16	MXEX	7310	1372183	2016
SALON MEDIA GROUP INC-16	SALN	7310	1084332	2016
COMMAND SECURITY CORP-16	MOC	7381	864509	2016
MEDCAREERS GROUP, Inc.-16	Unknown	7389	1438901	2016
KORN FERRY INTERNATIONAL-16	KFY	7361	56679	2016
Media Analytics Corp-16	FSPT	7372	1518171	2016
Intellisense Solutions Inc.-16	Unknown	7370	1577445	2016
Devago, Inc.-16	Unknown	7371	1627611	2016
Devago, Inc.-16	Unknown	7371	1627611	2016
DETERMINE, INC.-16	SLTC	7372	1090908	2016
DETERMINE, INC.-16	SLTC	7372	1090908	2016
Asia Travel Corp-16	PNHV	7011	1027235	2016
MOBETIZE, CORP.-16	SAVI	7200	1546679	2016
MOBETIZE, CORP.-16	SAVI	7200	1546679	2016
MMEX Resources Corp-16	QTUM	7819	1440799	2016
Ziwira, Inc.-16	Unknown	7373	1636300	2016
American Riding Tours Inc-16	Unknown	7900	1585755	2016
American Riding Tours Inc-16	Unknown	7900	1585755	2016
Cinedigm Corp.-16	CIDM	7841	1173204	2016
AMERICAN SOFTWARE INC-16	AMSWA	7372	713425	2016
Investview, Inc.-16	GISV	7389	862651	2016
BIRDBILL, INC.-16	Unknown	7389	1647771	2016
COUNTERPATH CORP-16	XNWK	7372	1236997	2016
COUNTERPATH CORP-16	XNWK	7372	1236997	2016
Peak Resorts Inc-16	SKIS	7011	1517401	2016
Peak Resorts Inc-16	SKIS	7011	1517401	2016
MOMENTOUS HOLDINGS CORP.-16	Unknown	7372	1653876	2016
SITESTAR CORP-16	SYTE	7374	1096934	2016
WATERMARK GROUP, INC.-16	Unknown	7819	1510333	2016
HealthTalk Live, Inc.-16	Unknown	7374	1580262	2016
HealthTalk Live, Inc.-16	Unknown	7374	1580262	2016
Uvic Inc.-16	Unknown	7374	1635748	2016
Uvic Inc.-16	Unknown	7374	1635748	2016
BUTLER NATIONAL CORP-16	BUKS	7990	15847	2016
OPEN TEXT CORP-16	OTEX	7373	1002638	2016
MICROSOFT CORP-16	MSFT	7372	789019	2016
MICROSOFT CORP-16	MSFT	7372	789019	2016
NEVADA GOLD & CASINOS INC-16	UWN	7990	277058	2016
NEVADA GOLD & CASINOS INC-16	UWN	7990	277058	2016
Global Quest Ltd.-16	Unknown	7374	1649676	2016
PETRICHOR CORP.-16	Unknown	7389	1604082	2016
PETRICHOR CORP.-16	Unknown	7389	1604082	2016
AUTOMATIC DATA PROCESSING INC-16	ADP	7374	8670	2016
Sharing Services, Inc.-16	Unknown	7374	1644488	2016
Sharing Services, Inc.-16	Unknown	7374	1644488	2016
CDK Global, Inc.-16	Unknown	7389	1609702	2016
CDK Global, Inc.-16	Unknown	7389	1609702	2016
ASPEN TECHNOLOGY INC /DE/-16	AZPN	7371	929940	2016
Line Up Advertisement, Inc.-16	Unknown	7310	1552358	2016
Writ Media Group, Inc.-16	Unknown	7812	1413547	2016
APPIPHANY TECHNOLOGIES HOLDINGS CORP-16	APHD	7371	1490054	2016
PetVivo Holdings, Inc.-16	Unknown	7372	1512922	2016
WESTERN LUCRATIVE ENTERPRISES, INC.-16	Unknown	7389	1442101	2016
WESTERN LUCRATIVE ENTERPRISES, INC.-16	Unknown	7389	1442101	2016
Madison Square Garden Co-16	MSG	7990	1636519	2016
YANEX GROUP, INC.-16	Unknown	7330	1521420	2016
CACI INTERNATIONAL INC /DE/-16	CACI	7373	16058	2016
IMAGE PROTECT, INC.-16	IMTL	7372	1110648	2016
IMAGE PROTECT, INC.-16	IMTL	7372	1110648	2016
SYNAPTICS Inc-16	SYNA	7371	817720	2016
SPARTA COMMERCIAL SERVICES, INC.-16	SRCO	7389	318299	2016
Starlight Supply Chain Management Co-16	Unknown	7200	1610457	2016
G&K SERVICES INC-16	GK	7200	39648	2016
Staffing 360 Solutions, Inc.-16	STAF	7363	1499717	2016
SOFTECH INC-16	SOFT	7373	354260	2016
HENRY JACK & ASSOCIATES INC-16	JKHY	7373	779152	2016
BOTTOMLINE TECHNOLOGIES INC /DE/-16	EPAY	7372	1073349	2016
SavMobi Technology Inc.-16	Unknown	7372	1647822	2016
COLLECTORS UNIVERSE INC-16	CLCT	7389	1089143	2016
Mind Solutions Inc.-16	VOIS	7389	1136711	2016
Mind Solutions Inc.-16	VOIS	7389	1136711	2016
PARK CITY GROUP INC-16	PCYG	7374	50471	2016
Intrawest Resorts Holdings, Inc.-16	SNOW	7990	1587755	2016
General Finance CORP-16	GFN	7359	1342287	2016
General Finance CORP-16	GFN	7359	1342287	2016
EGAIN Corp-16	EGAN	7372	1066194	2016
Great Elm Capital Group, Inc.-16	UPIP	7372	1082506	2016
Great Elm Capital Group, Inc.-16	UPIP	7372	1082506	2016
Guidewire Software, Inc.-16	GWRE	7372	1528396	2016
BUSINESS.VN, INC.-16	Unknown	7389	1084370	2016
EnviroStar, Inc.-16	DCU	7200	65312	2016
EnviroStar, Inc.-16	DCU	7200	65312	2016
Research Solutions, Inc.-16	RSSS	7389	1386301	2016
ARKADOS GROUP, INC.-16	CDKX	7389	1095130	2016
INFOBLOX INC-16	BLOX	7374	1223862	2016
MAM SOFTWARE GROUP, INC.-16	MAMS	7372	832488	2016
AMARU INC-16	Unknown	7389	1139822	2016
Lotus Biotech Development Corp.-16	Unknown	7812	1520592	2016
Lotus Biotech Development Corp.-16	Unknown	7812	1520592	2016
Portlogic Systems Inc.-16	PGSY	7372	1413990	2016
CHINA MEDIA INC.-16	Unknown	7812	1434674	2016
BOWL AMERICA INC-16	BWL	7900	13573	2016
BOWL AMERICA INC-16	BWL	7900	13573	2016
Apigee Corp-16	Unknown	7372	1324772	2016
VGambling Inc.-16	VIRZ	7900	1451448	2016
NEVADA CLASSIC THOROUGHBREDS INC-16	Unknown	7948	1128383	2016
AREM PACIFIC Corp-16	Unknown	7200	1435812	2016
Interups Inc-16	Unknown	7374	1554947	2016
Interlink Plus, Inc.-16	Unknown	7363	1643988	2016
Interlink Plus, Inc.-16	Unknown	7363	1643988	2016
KokiCare, Inc.-16	Unknown	7372	1641631	2016
ModusLink Global Solutions Inc-16	MLNK	7389	914712	2016
ModusLink Global Solutions Inc-16	MLNK	7389	914712	2016
alpha-En Corp-16	PIXG	7819	1023298	2016
ITEX CORP-16	ITEX	7389	860518	2016
CONCIERGE TECHNOLOGIES INC-16	CNCG	7389	1005101	2016
UNIFIRST CORP-16	UNF	7200	717954	2016
UNIFIRST CORP-16	UNF	7200	717954	2016
Onstream Media CORP-16	ONSM	7373	919130	2016
ARI NETWORK SERVICES INC /WI-16	ARIS	7370	879796	2016
FACTSET RESEARCH SYSTEMS INC-16	FDS	7370	1013237	2016
CMG HOLDINGS GROUP, INC.-16	CMGO	7310	1346655	2016
ID Global Solutions Corp-16	Unknown	7372	1534154	2016
Grand Perfecta, Inc.-16	Unknown	7948	1550053	2016
Grand Perfecta, Inc.-16	Unknown	7948	1550053	2016
Photoamigo, Inc.-16	Unknown	7374	1482554	2016
FAIR ISAAC CORP-16	FICO	7389	814547	2016
FAIR ISAAC CORP-16	FICO	7389	814547	2016
SIMULATIONS PLUS INC-16	SLP	7373	1023459	2016
World Moto, Inc.-16	FARE	7372	1492151	2016
TGI Solar Power Group Inc.-16	Unknown	7389	1309056	2016
FUSE ENTERPRISES INC.-16	Unknown	7389	1636051	2016
Messagebgone, Inc.-16	Unknown	7372	1655349	2016
MODEL N, INC.-16	MODN	7370	1118417	2016
TGI Solar Power Group Inc.-16	Unknown	7389	1309056	2016
LIQUIDITY SERVICES INC-16	LQDT	7389	1235468	2016
GRASSHOPPER STAFFING, INC.-16	Unknown	7900	1584693	2016
Johnson Controls International plc-16	TYC	7380	833444	2016
TRAQER CORP-16	Unknown	7372	1656053	2016
DESTINY MEDIA TECHNOLOGIES INC-16	DSNY	7372	1099369	2016
KNIGHT KNOX DEVELOPMENT CORP.-16	Unknown	7389	1621221	2016
FundThatCompany-16	Unknown	7389	1658304	2016
APPLIED DNA SCIENCES INC-16	APDN	7380	744452	2016
My Cloudz, Inc.-16	Unknown	7374	1629205	2016
Classic Rules Judo Championships, Inc.-16	Unknown	7997	1445831	2016
Blake Insomnia Therapeutics, Inc.-16	Unknown	7200	1556416	2016
BIGFOOT PROJECT INVESTMENTS INC-16	Unknown	7822	1569568	2016
SYNOPSYS INC-16	SNPS	7372	883241	2016
CRYPTO-SERVICES, INC.-16	Unknown	7370	1626745	2016
Service Team Inc.-16	Unknown	7600	1535635	2016
eBizware, Inc.-16	Unknown	7372	1627041	2016
PARKS AMERICA, INC-16	PRKA	7990	1297937	2016
VNUE, Inc.-16	BUKX	7822	1376804	2016
PISMO COAST VILLAGE INC-16	Unknown	7000	216877	2016
Bridgeline Digital, Inc.-16	BLIN	7372	1378590	2016
GH Capital Inc.-16	Unknown	7372	1609472	2016
JANEL CORP-16	JLWT	7389	1133062	2016
GEE Group Inc.-16	JOB	7361	40570	2016
Moxian, Inc.-16	SNEC	7370	1516805	2016
ALJ REGIONAL HOLDINGS INC-16	Unknown	7389	1438731	2016
MOHEGAN TRIBAL GAMING AUTHORITY-16	Unknown	7011	1005276	2016
Spelt Group Corp.-16	Unknown	7330	1644149	2016
AMBER GROUP INC-16	Unknown	7374	1621697	2016
APP Incline Corp-16	Unknown	7372	1669513	2016
Ominto, Inc.-16	MEDG	7389	1097792	2016
LIVE VENTURES Inc-16	LIVE	7371	1045742	2016
PC Mobile Media Corp.-16	Unknown	7310	1663641	2016
